Niche,Nom complet,Specialite,Plateforme principale,Preuve produit payant,Audience estimee,Lien,Confiance
1. Business / entrepreneuriat & dev. personnel,Martin Latulippe,"Coach d'affaires, conferencier",Site + evenement AZ LIVE,"Academie ZeroLimite (2011), evenement AZ LIVE",8 000+ entrepreneurs formes; 3 500+ conferences,https://martinlatulippe.com/academie-zerolimite/,Elevee
1. Business / entrepreneuriat & dev. personnel,Olivier Lambert,"Marketing web, business en ligne",latranchee.com + podcast,La Tranchee: cours en ligne + communaute payante,55 407 abonnes tous reseaux (Hardbacon 2024),https://www.latranchee.com/formation,Elevee
1. Business / entrepreneuriat & dev. personnel,Christine Michaud,"Psychologie positive, bonheur",Site + balado + livres,"Programmes web Mon Projet Bonheur, Fais-moi GRANDIR",15 best-sellers; forte presence FB/balado,https://www.christinemichaud.com/,Elevee
1. Business / entrepreneuriat & dev. personnel,Guillaume Dulude,"Communication, neuropsychologie",PSYCOM + FB + YouTube,"Parcours Psycom 1-2-3, PRECOG (~2 000 $, Teachable)",Audience FB/YouTube importante,https://www.communicationpsycom.com/,Elevee
1. Business / entrepreneuriat & dev. personnel,Matthieu Desroches,"Productivite, gestion du temps",YouTube + podcast + site,Formations en ligne; podcast Productif au quotidien,"Chaine YouTube active, podcast hebdo",https://matthieudesroches.com/,Elevee
1. Business / entrepreneuriat & dev. personnel,Serge Beauchemin,Entrepreneuriat (ex-Dragon),Alias Entrepreneur.e + podcast,Formations intensives sur la plateforme (ex. IA),108 114 abonnes (Hardbacon 2024),https://www.facebook.com/sergebeauchemin.dragon,Elevee
1. Business / entrepreneuriat & dev. personnel,Stephanie Milot,Croissance personnelle + immobilier,Site + conferences + livres,ImmoReussite - programme 100% virtuel,~30% clientele Europe,https://www.immoreussite.com/,Elevee
1. Business / entrepreneuriat & dev. personnel,Melanie Halley,Marketing web pour entrepreneures,Podcast 180 degres + YouTube,Programmes/accompagnement Synapse Marketing; 186+ episodes,n.d.,https://melaniehalley.com/,Moyenne-elevee
1. Business / entrepreneuriat & dev. personnel,Francois Lambert,"Entrepreneuriat, investissement",YouTube + FB + boutique,Formations en ligne annoncees; blogue + boutique,Tres large (ex-Dragon),https://www.francoislambert.one/,Moyenne
1. Business / entrepreneuriat & dev. personnel,Jasmin Bergeron,"Vente, service client",Site + conferences,2 000+ conferences et formations (presentiel et en ligne),n.d.,https://jasminbergeron.com/,Moyenne
1. Business / entrepreneuriat & dev. personnel,Patrick Leroux,"Motivation, performance, vente",Site + FB + blogue,Conferencier CSP HoF; produit numerique a verifier,15 215 mentions J'aime FB,https://www.patrickleroux.com/,Moyenne
1. Business / entrepreneuriat & dev. personnel,Isabelle Fontaine,"Performance, intelligence emotionnelle",Site + conferences corpo,Surtout keynotes B2B; produit numerique a verifier,n.d.,https://www.isabellefontaine.ca/,Faible-moyenne
1. Business / entrepreneuriat & dev. personnel,Erik Gravel,Coaching entrepreneurs,TikTok @entrepreneursaucombat,Formations et coaching dev. professionnel (Hardbacon); produit a verifier,Surtout TikTok,https://www.tiktok.com/@entrepreneursaucombat,Faible
1. Business / entrepreneuriat & dev. personnel,Judith Fetzer,Entrepreneuriat (balado),Podcast Un cafe avec Judith,Aucune formation payante confirmee,Balado hebdo etabli,https://uncafeavec.com/,Faible
2. Vente / marketing / social selling,Alexe (Alexandra) Martel,"Copywriting, tarification, IA",Site + infolettre + LinkedIn + IG,Les mots pour vendre; formations dont pIA pIA pIA; lancements orchestres,22 000 LinkedIn; dizaines de milliers d'abonnes a sa liste,https://lesmotspourvendre.com/,Elevee
2. Vente / marketing / social selling,Genevieve Gauvin,"Business en ligne, infopreneuriat",Site + podcasts + evenements,"Bundle Ka-Ching (20-22 formations/an), Gala Elevate",Milliers de ventes/an; millions d'impressions,https://genevievegauvin.com/experiences,Elevee
2. Vente / marketing / social selling,Kim Auclair,"Visibilite medias, entrepreneuriat",Blogue + YouTube + LinkedIn + TikTok,Programme ENFIN; formation Map Express,Top 65 Hardbacon,https://kimauclair.ca/,Elevee
2. Vente / marketing / social selling,Carole Anne Villeneuve,Tunnels de vente + publicite,Site + formations,Ambitium (ecole de tunnellerie et publicite); Strategix,n.d.,https://carovilleneuve.com/ambitium,Moyenne (base QC a confirmer)
2. Vente / marketing / social selling,Charles Davignon,Publicite Facebook/Instagram,Agence Antilope + blogue,Formation Objectif Pub (incluse dans Ka-Ching),n.d.,https://agenceantilope.com/,Moyenne
2. Vente / marketing / social selling,David Gregoire,E-commerce,Monsieur eCommerce + LinkedIn/TikTok,Monsieur eCommerce et SnapShop; format exact a verifier,Top 65 Hardbacon,https://www.linkedin.com/in/davidgregoire/,Moyenne
2. Vente / marketing / social selling,Frederic Gonzalo,Marketing numerique (tourisme),Site + infolettre + conferences,Page Formations marketing en ligne + infolettre,"30 ans d'experience, notoriete sectorielle",https://fredericgonzalo.com/services/formation-marketing-en-ligne/,Moyenne
2. Vente / marketing / social selling,Michelle Blanc,"Strategie web, medias sociaux",Blogue + conferences,Formations/conferences; produit numerique autonome a verifier,Blogue de reference au QC,https://www.michelleblanc.com/,Faible-moyenne
2. Vente / marketing / social selling,Jean-Pierre Lauzier,"Vente B2B, coaching d'affaires",Site + livres,JPL Communications - surtout mandats corporatifs,n.d.,https://jeanpierrelauzier.com/,Faible-moyenne
2. Vente / marketing / social selling,Marianne Lemay,"RH, marque employeur",Kolegz + LinkedIn + blogue,Formations RH (B2B/agence plutot qu'infopreneur),457 abonnes IG; audience surtout LinkedIn,https://kolegz.com/,Faible
3. Immobilier,Yvan Cournoyer,Investissement immobilier (president CIIQ),clubimmobilier.ca + YouTube + FB,"Programme ELITE (60 h / 10 mois), formations a la carte, coaching",~35 000 membres; 50 000-70 000 FB,https://clubimmobilier.ca/,Elevee
3. Immobilier,Ghislain Larochelle,"Investissement immobilier, flips",YouTube + FB + chronique JdeM,"Immofacile (ecole, 2008), Cercle Immobilier, defis en ligne",YouTube 9 490; 22 000+ FB (Les Affaires),https://immofacile.ca/,Elevee
3. Immobilier,Nikolai Ray,Multilogement,mrex.co + LinkedIn,College MREX - 1er institut de formation multilogement au QC,49 865 abonnes (Hardbacon 2024),https://mrex.co/,Elevee
3. Immobilier,Jean-Francois Tremblay,"Flips, optimisation de plex",FB + Flip Academie + docu-realite,Flip Academie - formation flip/optimisation de plex,"40 000 FB, 4 000 IG (Les Affaires)",Site officiel non retrouve (presence Facebook),Elevee
3. Immobilier,Steve Forget,"Investissement immobilier, prospection",sherpaimmobilier.com + blogue,Programme Sherpa Immobilier + Bootcamp,Parc de 110 logements; 2K LinkedIn,https://www.sherpaimmobilier.com/,Elevee
3. Immobilier,Genevieve Moreau,Coaching de courtiers immobiliers,acciq.ca + TikTok + FB,"Academie ACCIQ: masterclass, formations en ligne, mentorat","5,0/5 (24 avis); audience pro",https://acciq.ca/,Moyenne-elevee
3. Immobilier,Jocelyn Gregoire,Reseautage + investissement immobilier,Les Mordus d'immobilier + magazine,Ecosysteme formation/reseautage; Cedma Finance,16 000 FB (Les Affaires),https://mordusdimmobilier.com/,Moyenne-elevee
3. Immobilier,Mac Mbaye,"Flips, optimisation de plex",Flip Academie,Co-formateur Flip Academie,Partage l'audience Flip Academie,Site officiel non retrouve (presence Facebook),Moyenne
3. Immobilier,Gerson Paul,Investissement immobilier (debutants),investisseuraccompli.com,"Bootcamp Accelere, Calcul de rentabilite, Gestion immobiliere",n.d.,https://investisseuraccompli.com/,Moyenne
3. Immobilier,Remi Bergeron,Investissement immobilier,YouTube L'Argent Immobilier,Entonnoir formation + appels masterminds gratuits vers offre payante,Chaine YouTube etablie; top 65 Hardbacon,https://www.youtube.com/c/RemiBergeron,Moyenne
3. Immobilier,Jacques Lepine,Investissement immobilier (fondateur CIIQ),jacqueslepine.com + livres,"Livres et formations; fondateur CIIQ (2001), retire de la direction",Notoriete historique,https://www.jacqueslepine.com/,Moyenne
3. Immobilier,Cory Albert,Immobilier pour les jeunes,TikTok + YouTube,Contenu educatif; offre payante a verifier,Tres populaire sur TikTok (Hardbacon),-,Faible-moyenne
3. Immobilier,Alex Belanger,"Immobilier, location court terme",Reseaux sociaux,Contenu educatif; offre payante a verifier,Top 65 Hardbacon,-,Faible-moyenne
4. Fitness / nutrition / sante,Jimmy Sevigny,"Perte de poids, saines habitudes",FB + site + plateforme,Aktivation (300+ seances) + suivi nutrition en ligne 3-6 mois,313 883 mentions J'aime FB,https://jimmysevigny.com/,Elevee
4. Fitness / nutrition / sante,Josee Lavigueur,Entrainement grand public,Site + TV + plateforme,"Ma Zone Fit - plateforme payante, centaines de videos",Figure televisuelle fitness majeure au QC,https://joseelavigueur.com/mazonefit/,Elevee
4. Fitness / nutrition / sante,Penelope Villeneuve,"Naturopathie, keto, menopause",IG + FB + lives,"Programmes en ligne pour femmes (Defi Keto, hormones)",x11 prospects via pub (etude de cas Antilope),https://penelopevilleneuve.com/,Elevee
4. Fitness / nutrition / sante,Keven Arseneault,"Kinesiologie, nutrition sportive (B2B coachs)",LIFT Institut + FB + podcast,Academie des entraineurs; certification Entraineur Pro LIFT,LIFT 9 150 FB; podcast Sous Tension (75 ep.),https://institutdufitness.com/,Moyenne-elevee
4. Fitness / nutrition / sante,Karine Gravel,Alimentation intuitive,Site + formations,Formations sur l'alimentation intuitive,n.d.,https://www.karinegravel.com/formations/,Moyenne
4. Fitness / nutrition / sante,Marc Fitt (Marc-Andre Benard),"Musculation, mindset",IG + YouTube,Team Fitt (section membres payante),1 M IG - contenu majoritairement anglophone,https://www.marcfitt.com/,Moyenne
4. Fitness / nutrition / sante,Karine Larose,"Kinesiologie, motivation",FB + IG + Nautilus Plus,Programmes 10 sur 10 et 15/15 sur Ultime Fit (produit corporatif),22 587 FB,https://www.ultimefit.com/,Moyenne
4. Fitness / nutrition / sante,Sylvia Tremblay,Transformation 45+,Instagram,"Grand Defi Transformation (12 semaines), par cohorte",n.d.,https://www.instagram.com/sylviatremblay/,Faible-moyenne
5. Carriere / emploi,Matthieu Degeneve,"Employabilite, CV, LinkedIn, entrevue",Blogue L'Oeil du Recruteur,Offres packagees 600-1 800 $; format surtout 1:1,Blogue d'employabilite de reference; 1 760+ accompagnes,https://oeildurecruteur.ca/,Moyenne
6. Finance personnelle,Youcef Ghellache,"Finances personnelles, investissement autonome",educfinance.ca + groupe FB + YouTube,Formation En Route - +1 000 participants,Groupe FB 110 000+ membres,https://educfinance.ca/,Elevee
6. Finance personnelle,Michel Villa,"Bourse, trading, options",michelvilla.com + livres + YouTube,"Formations en ligne (cours, webinaires); formation de trading 3 volets",12 ans trader institutionnel; auteur Pile et Face,https://michelvilla.com/,Elevee
6. Finance personnelle,Thomas Moncomble,Investissement en bourse (debutants),ecoledesinvestisseurs.ca,Ecole des investisseurs - 20 h+ de video,Audience plus petite mais tres qualifiee,https://www.ecoledesinvestisseurs.ca/,Elevee
6. Finance personnelle,Jonathan Hamel,"Bitcoin, crypto",Academie Bitcoin + medias,Academie Bitcoin - formations crypto,Invite frequent dans les medias,https://academiebitcoin.com/,Moyenne
6. Finance personnelle,Barbara Demers,"Bien-etre financier, budget",Site + reseaux,Academie Finances Personnelles; programme Propulse tes finances!,n.d. (source unique: Hardbacon),-,Moyenne
6. Finance personnelle,Alex Demers,"Courtage en ligne, investissement actif",Traders 360 + podcast Finance 360,Firme + contenu; formation payante a verifier,17 526 abonnes (Hardbacon),https://traders360.ca/,Moyenne
6. Finance personnelle,Karman Kong,Investissement au feminin,IG @elleinvestit + livre,Best-seller Elle investit + conferences; aucun cours en ligne confirme,"70 600 IG (Retraite 101, 2025)",https://www.instagram.com/elleinvestit/,Moyenne
6. Finance personnelle,Vincent Morin,Independance financiere (FIRE),Blogue Retraite 101 + Educfinance,Blogue + collaborations; produit payant propre a verifier,18 359 abonnes (Hardbacon),https://retraite101.com/,Moyenne-faible
6. Finance personnelle,Philippe Deveau,Optimisation du credit,Blogue Devenir autonome + YouTube/TikTok,Auteur S'occuper de ses affaires; offre numerique a verifier,Top 65 Hardbacon,https://www.devenirautonome.co/,Moyenne-faible
6. Finance personnelle,Hubert Cote,Finances perso -> acquisition d'entreprises,YouTube Libe + IG,"A offert infolettres, groupe prive et bootcamps; pivot vers Libe Capital",YouTube 16 300 abonnes,https://www.youtube.com/@Libecapital,Moyenne-faible
6. Finance personnelle,Jean-Sebastien Pilotte,"FIRE, retraite anticipee",Blogue Jeune Retraite + livre,Livre + outils gratuits; formation payante non trouvee,14 671 abonnes (Hardbacon),https://jeuneretraite.ca/,Faible-moyenne
6. Finance personnelle,Pierre-Paul Couture,Finances personnelles,FB + cohortes,"Formation intensive en ligne de 4 semaines, par cohortes",n.d.,https://www.facebook.com/PierrePCCouture/,Faible-moyenne
6. Finance personnelle,Wendy Damas,Redressement de cote de credit,FB + YouTube,Contenu educatif; offre payante a verifier,13 015 abonnes (Hardbacon),https://www.facebook.com/wendydamas/,Faible
7. Relation / couple / parentalite,Melanie Bilodeau,"Parentalite securisante, petite enfance",Site + IG + livres,Formations en ligne parentalite securisante + webinaires,Autrice best-seller (Midi Trente),https://www.melaniebilodeau.com/formation-parentalite-securisante,Elevee
7. Relation / couple / parentalite,Nancy Doyon,"Coaching familial, discipline, TDAH",SOS Nancy + Institut de coaching familial,Formations web parents + certification Devenez coach familial,30+ ans de pratique; ecoles affiliees,https://sosnancy.com/,Elevee
7. Relation / couple / parentalite,Marie Fortier,"Grossesse, accouchement, 1re annee",mariefortier.com + videos,"Cours prenataux en ligne + abonnement 35 $/mois ou 69,99 $/3 mois",Reference prenatale n.1 au QC,https://mariefortier.com/,Elevee
7. Relation / couple / parentalite,Brigitte Langevin,"Sommeil de l'enfant, reves",Site + conferences + livres,6 webinaires d'accompagnement au sommeil,Conferenciere et autrice prolifique,https://brigittelangevin.com/formations/,Elevee
7. Relation / couple / parentalite,Sarah Hamel,"Psychoeducation, petite enfance",sarahhamel.ca + FB + IG,Formations en ligne et webinaires (parents et intervenants),Videos FB a forte portee,https://sarahhamel.ca/,Moyenne-elevee
7. Relation / couple / parentalite,Melanie (Ouikid),"Parentalite, anxiete de l'enfant",ouikid.ca + IG + Thinkific,"Programmes MERE, Bonsai, Apprivoiser l'anxiete, Ma Tribu Pacifique",Equipe accompagnant des parents partout au QC,https://ouikid.ca/les-formations/,Moyenne
7. Relation / couple / parentalite,Yvon Dallaire,"Couple, sexualite conjugale",enduelouenduo.com + livres + YouTube,Formation en ligne Devenir un couple erotique (20 modules),Auteur best-seller sur le couple,https://enduelouenduo.com/formation-en-ligne-sur-la-sexualite-conjugale/,Moyenne-elevee
